,acc,prec0,prec1,rec0,rec1,auroc,auprc,minpse,f1_score
0,0.8955500721931458,0.9223560690879822,0.5725806355476379,0.9629629850387573,0.3796791434288025,0.8613586848880966,0.4936238484180122,0.4839572192513369,0.4565916361233295
