,auroc_m,auroc_s,auprc_m,auprc_s,minpse_m,minpse_s
0,0.8637203834572917,0.009406867200063814,0.48664820384712165,0.02871483385578734,0.5004712722850798,0.022803146684757587
