,acc,prec0,prec1,rec0,rec1,auroc,auprc,minpse,f1_score
0,0.9011124968528748,0.9262239933013916,0.6062992215156555,0.9650593996047974,0.4117647111415863,0.8670454078334212,0.5276937165702621,0.5106951871657754,0.4904458808777539
