,acc,prec0,prec1,rec0,rec1,auroc,auprc,minpse,f1_score
0,0.8949320316314697,0.9206137657165527,0.5714285969734192,0.9643605947494507,0.3636363744735718,0.865078831227555,0.5024438403096265,0.5146666666666667,0.4444444602654304
