,acc,prec0,prec1,rec0,rec1,auroc,auprc,minpse,f1_score
0,0.8893696069717407,0.9232589602470398,0.528777003288269,0.9542278051376343,0.39304813742637634,0.8561521616460573,0.47392325608040553,0.4919786096256685,0.4509202458418431
