,auroc_m,auroc_s,auprc_m,auprc_s,minpse_m,minpse_s
0,0.8655230669512305,0.008983012843722516,0.5047032796130605,0.028461774891825272,0.5139402383511273,0.02264959970590839
