,auroc_m,auroc_s,auprc_m,auprc_s,minpse_m,minpse_s
0,0.7777526969444027,0.012687539191723765,0.3126161880355039,0.023378733783705308,0.37945369318827865,0.022786721699513866
