,acc,prec0,prec1,rec0,rec1,auroc,auprc,minpse,f1_score
0,0.8989493250846863,0.9170779585838318,0.6192893385887146,0.9737945199012756,0.32620319724082947,0.8652292439750818,0.5010685820802098,0.4884318766066838,0.42732049376810416
