,auroc_m,auroc_s,auprc_m,auprc_s,minpse_m,minpse_s
0,0.8694764152214132,0.009046470893712027,0.5187425312621285,0.02778712422636627,0.5200225511581797,0.021164322245294014
