,auroc_m,auroc_s,auprc_m,auprc_s,minpse_m,minpse_s
0,0.8566723193185851,0.009841014745978035,0.47666901842198817,0.0282599351475342,0.4969853848548711,0.022105342520984946
