,acc,prec0,prec1,rec0,rec1,auroc,auprc,minpse,f1_score
0,0.8822620511054993,0.9223697781562805,0.4882943034172058,0.946540892124176,0.3903743326663971,0.8477299820252095,0.42118642911975956,0.46684350132625996,0.433878139148397
