,acc,prec0,prec1,rec0,rec1,auroc,auprc,minpse,f1_score
0,0.87948084,0.9033943,0.45348838,0.9671558,0.20855615,0.7953116066323614,0.3349451860553963,0.3932291666666667,0.2857142831894716
