,auroc_m,auroc_s,auprc_m,auprc_s,minpse_m,minpse_s
0,0.8657422420767005,0.009127356628020458,0.5031658927446904,0.027990158141315266,0.49412500295998957,0.022523122066405936
