,auroc_m,auroc_s,auprc_m,auprc_s,minpse_m,minpse_s
0,0.8675296212229546,0.009126519734742591,0.5293600501981978,0.02673955418935993,0.5092989769324626,0.021756996231351508
