,auroc_m,auroc_s,auprc_m,auprc_s,minpse_m,minpse_s
0,0.8619120046218476,0.009003086209552692,0.49564955210665856,0.027221196405252484,0.48534328614987143,0.0226675229823491
