,auroc_m,auroc_s,auprc_m,auprc_s,minpse_m,minpse_s
0,0.848162943836616,0.010201722948036958,0.4241179375255392,0.027108927738724118,0.46590830801834526,0.02285842377857945
