,auroc_m,auroc_s,auprc_m,auprc_s,minpse_m,minpse_s
0,0.7956846121795309,0.012177422725309788,0.337349658944831,0.024051199176771617,0.39571031044189864,0.023109607113677363
