,acc,prec0,prec1,rec0,rec1,auroc,auprc,minpse,f1_score
0,0.8970952033996582,0.919124960899353,0.5936073064804077,0.9689028859138489,0.3475935757160187,0.8631580324144141,0.48383202953756976,0.49612403100775193,0.43844857493665407
