,acc,prec0,prec1,rec0,rec1,auroc,auprc,minpse,f1_score
0,0.9008034467697144,0.9213930368423462,0.6199095249176025,0.9706498980522156,0.36631014943122864,0.8690493540660023,0.5166351245178485,0.516042780748663,0.4605042131579649
